﻿"name","title"
"會計年度","會計年度"
"月份","月份"
"款","款"
"項","項"
"目","目"
"節","節"
"預算年度","預算年度"
"預算科目編號","預算科目編號"
"預算科目名稱","預算科目名稱"
"分支計畫編號","分支計畫編號"
"分支計畫名稱","分支計畫名稱"
"用途別編號","用途別編號"
"用途別名稱","用途別名稱"
"原預算數","原預算數"
"追加減數","追加減數"
"第一預備金","第一預備金"
"第二預備金","第二預備金"
"經費流用數","經費流用數"
"預算調整數","預算調整數"
"截至本月止累計分配數_1","截至本月止累計分配數_1"
"本月實現數","本月實現數"
"截至本月止累計實現數_2","截至本月止累計實現數_2"
"應付數","應付數"
"已分配尚未執行數","已分配尚未執行數"
"備註_預暫付數","備註_預暫付數"
