﻿"name","title"
"會計年度","會計年度"
"月份","月份"
"款","款"
"項","項"
"目","目"
"節","節"
"預算年度","預算年度"
"預算科目編號","預算科目編號"
"預算科目名稱","預算科目名稱"
"分支計畫編號","分支計畫編號"
"分支計畫名稱","分支計畫名稱"
"用途別編號","用途別編號"
"用途別名稱","用途別名稱"
"以前年度轉入數","以前年度轉入數"
"應付數","應付數"
"保留數","保留數"
"減免","減免"
"應付數","應付數"
"保留數","保留數"
"本月實現數","本月實現數"
"應付數","應付數"
"保留數","保留數"
"截至本月止累計實現數","截至本月止累計實現數"
"應付數","應付數"
"保留數","保留數"
"調整數","調整數"
"應付數","應付數"
"保留數","保留數"
"尚未執行數","尚未執行數"
"應付數","應付數"
"保留數","保留數"
